update,rewards_data,total_loss_data,train_loss_out_data
1,11.072187423706055,302.0027648925781,32.746002197265625
2,10.972798347473145,292.5417217254639,30.680898666381836
3,8.43193244934082,283.22951164245603,17.799230575561523
4,6.975644111633301,274.38043479919435,12.35962963104248
5,11.696699142456055,265.922900390625,54.291038513183594
6,14.09036636352539,257.7965612411499,74.94206237792969
7,15.083112716674805,250.04051570892332,148.19952392578125
8,14.56374740600586,242.6665328979492,87.6312255859375
9,7.2553229331970215,235.35433807373047,21.543928146362305
10,7.837093830108643,228.3687177658081,88.71310424804688
11,3.1149909496307373,221.58886642456054,112.87821960449219
12,1.371415615081787,215.0908660888672,86.73283386230469
13,5.052682876586914,208.81268825531004,74.69535827636719
14,1.3580515384674072,202.87882480621337,121.62461853027344
15,6.023435115814209,197.12427368164063,18.421222686767578
16,5.858454704284668,191.57354907989503,37.066410064697266
17,6.200357913970947,186.23909091949463,51.06406784057617
18,15.825118064880371,181.06218338012695,155.70046997070312
19,17.7982177734375,176.1362674713135,132.0010986328125
20,18.75313377380371,171.36783695220947,185.9226531982422
21,3.504685163497925,166.68808021545408,69.98739624023438
22,2.531891107559204,162.02587089538574,55.007442474365234
23,10.370009422302246,157.6949352264404,95.17764282226562
24,10.772958755493164,153.6261110305786,75.4317626953125
25,5.902041912078857,149.4638126373291,32.086082458496094
26,-0.14527451992034912,145.41914100646972,20.290945053100586
27,-0.5732154250144958,141.55511627197268,7.563406944274902
28,-3.209550619125366,137.86498241424562,53.08262252807617
29,4.448527812957764,134.35591754913332,56.15253448486328
30,4.3602399826049805,130.98488273620603,36.596370697021484
31,8.29738998413086,127.73256969451904,123.92318725585938
32,2.798630714416504,124.50050010681151,49.854278564453125
33,1.1938250064849854,121.36943883895873,29.037824630737305
34,6.039844512939453,118.39060335159303,87.74443817138672
35,-3.619137763977051,115.4573956489563,35.09197998046875
36,1.9414362907409668,112.63586483001708,8.538037300109863
37,2.8209285736083984,109.90404243469237,10.22374153137207
38,4.145465850830078,107.39153814315796,24.56605339050293
39,1.891997218132019,104.85443811416626,10.45053482055664
40,8.313409805297852,102.49482030868529,71.78424835205078
41,5.96968936920166,100.16226100921631,48.82475280761719
42,11.791858673095703,97.88019828796388,168.23806762695312
43,2.150801658630371,95.77460880279541,41.58690643310547
44,4.025721073150635,93.5780574798584,13.895816802978516
45,2.6280579566955566,91.51878547668457,9.506160736083984
46,6.914076805114746,89.52312364578248,41.977882385253906
47,7.975356578826904,87.54103708267212,83.81127166748047
48,7.830781936645508,85.62639074325561,83.32551574707031
49,10.018144607543945,83.73291225433348,81.2054443359375
50,5.309992790222168,82.05834817886353,43.46602249145508
51,4.557184219360352,80.31418361663819,25.467769622802734
52,5.814800262451172,78.6878270149231,43.657466888427734
53,8.735000610351562,77.01573209762572,64.47743225097656
54,5.091091156005859,75.34897899627686,45.65480041503906
55,7.146340370178223,73.7346097946167,83.0951156616211
56,14.430440902709961,72.23021802902223,151.56744384765625
57,6.256324768066406,70.834547996521,54.31877899169922
58,1.529801845550537,69.3588399887085,10.138849258422852
59,5.723443031311035,68.04750757217407,41.74001693725586
60,7.074980735778809,66.75450925827028,35.03171157836914
61,4.492712497711182,65.5421055316925,18.924375534057617
62,5.20704460144043,64.23174505233764,25.90291976928711
63,0.5324175357818604,63.07219939231872,21.73069953918457
64,-0.03668773174285889,61.84384112358093,15.374080657958984
65,-2.4435410499572754,60.659636449813846,21.756675720214844
66,-4.64755916595459,59.522708272933954,28.951833724975586
67,-2.917238473892212,58.34783053398132,13.639641761779785
68,-3.9080216884613037,57.26592216491699,10.316649436950684
69,-4.767995834350586,56.193479490280154,9.975194931030273
70,-3.4138057231903076,55.183931016922,7.6815009117126465
71,-2.5428569316864014,54.16966161727905,6.835472583770752
72,-0.8279421329498291,53.28351798057555,26.736501693725586
73,0.8166441321372986,52.36504526138306,46.5153923034668
74,-2.1407310962677,51.52121667861938,10.124763488769531
75,-0.7111517190933228,50.69777016639709,6.826059818267822
76,2.136800765991211,49.88302397727966,10.77574348449707
77,4.583338737487793,49.153593969345096,25.37818145751953
78,4.905247688293457,48.38536095619202,21.452842712402344
79,16.378353118896484,47.67673444747925,160.44546508789062
80,11.302251815795898,47.042134332656865,83.20816040039062
81,6.87476921081543,46.162787437438965,32.74052429199219
82,7.7706732749938965,45.331023311614985,52.100425720214844
83,10.587762832641602,44.683444786071775,89.14783477783203
84,8.746484756469727,44.02913188934326,56.64036178588867
85,11.841310501098633,43.35683097839355,92.57630157470703
86,9.30630874633789,42.669269323349,112.96517944335938
87,12.302909851074219,42.113432979583735,119.00840759277344
88,3.1227309703826904,41.43910312652588,36.21541213989258
89,1.3099758625030518,40.826952600479125,19.423364639282227
90,6.740653038024902,40.21934013366699,33.21450424194336
91,14.49439811706543,39.77334837913513,151.81651306152344
92,8.054681777954102,39.143951416015625,44.72813415527344
93,6.705644607543945,38.626374864578246,26.661640167236328
94,12.411147117614746,38.085006380081175,53.52568054199219
95,10.46761703491211,37.57509789466858,85.06713104248047
96,5.5441179275512695,37.08119974136353,58.49773406982422
97,11.661372184753418,36.63166704177857,96.090576171875
98,6.516300201416016,35.99717450141907,38.58196258544922
99,11.13598346710205,35.56620278358459,103.33224487304688
100,2.839015245437622,35.074458026885985,62.641387939453125
101,7.203762054443359,34.622589635848996,68.11751556396484
102,12.296541213989258,34.114570522308355,94.18706512451172
103,8.018671035766602,33.65905685424805,66.42549133300781
104,9.387825012207031,33.50761904716492,57.71095275878906
105,16.370899200439453,33.087974429130554,133.51461791992188
106,4.724125385284424,32.68621137142181,21.276885986328125
107,10.981603622436523,32.38804244995117,122.71896362304688
108,9.416481971740723,31.945463013648986,134.61422729492188
109,8.045736312866211,31.521556639671324,85.37290954589844
110,10.182524681091309,31.1821611404419,100.80474090576172
111,8.236632347106934,30.848399376869203,124.50308227539062
112,15.86256217956543,30.41355938911438,211.0685272216797
113,6.459927558898926,29.967962312698365,88.51388549804688
114,4.798171520233154,29.62258312702179,49.28874588012695
115,4.220959663391113,29.243164205551146,46.743324279785156
116,1.072495937347412,29.055129694938657,63.17208480834961
117,4.819167137145996,28.727474641799926,72.33171081542969
118,-0.9987435340881348,28.25279974937439,32.48552322387695
119,-1.0902342796325684,27.908987593650814,33.902122497558594
120,3.144716501235962,27.631443572044372,62.22926330566406
121,-0.4185199737548828,27.318040084838866,24.06780242919922
122,2.326817274093628,26.991980600357056,23.442684173583984
123,4.313172340393066,26.648453974723814,54.14081954956055
124,1.0806212425231934,26.33255696296692,19.4554443359375
125,2.7688515186309814,26.062875914573667,66.9732666015625
126,3.0621471405029297,25.75191924571991,96.54385375976562
127,0.6187863349914551,25.548618412017824,116.97440338134766
128,-0.8022620677947998,25.27568576335907,40.795440673828125
129,-0.8025302886962891,24.957309412956235,25.151832580566406
130,-2.232318639755249,24.703717708587646,19.11643409729004
131,-1.5919489860534668,24.424322485923767,9.567983627319336
132,2.004302501678467,24.1985107421875,19.048532485961914
133,1.7933467626571655,23.966231632232667,22.374671936035156
134,6.126887321472168,23.73665382862091,89.93350219726562
135,2.9640650749206543,23.58123505115509,59.79034423828125
136,0.5418059825897217,23.309110713005065,9.87481689453125
137,10.163968086242676,23.090311598777774,78.12642669677734
138,13.243013381958008,22.9494065284729,167.3365478515625
139,12.399312973022461,22.733993196487425,267.80078125
140,-0.33066248893737793,22.53626782894134,46.39385986328125
141,-2.905789852142334,22.31004478931427,42.759273529052734
142,-1.5433661937713623,22.039798641204836,54.928985595703125
143,2.620664119720459,21.770981240272523,53.78369140625
144,3.2380452156066895,21.570727205276487,21.292396545410156
145,9.883782386779785,21.46695625782013,80.45662689208984
146,10.942054748535156,21.303399419784547,69.25286865234375
147,2.82015323638916,21.165361452102662,17.785991668701172
148,-3.509145498275757,20.998330020904543,18.196285247802734
149,-0.3161965608596802,20.920859861373902,109.44822692871094
150,-6.815433502197266,20.66685740947723,75.20843505859375
151,-5.626768112182617,20.464675307273865,43.43944549560547
152,-7.937765598297119,20.351442146301267,67.36256408691406
153,-13.413997650146484,20.071898150444028,101.64702606201172
154,-6.708634376525879,19.856334185600282,42.16197967529297
155,-0.9330780506134033,19.752901434898376,107.14742279052734
156,-0.8815240859985352,19.768912434577942,95.56431579589844
157,-5.093759536743164,19.580018305778506,27.9288330078125
158,-3.364875078201294,19.375432515144347,24.485767364501953
159,-3.2533044815063477,19.192146992683412,12.982998847961426
160,-1.0852099657058716,18.8832745552063,21.534822463989258
161,1.1715729236602783,18.71980895996094,41.59347915649414
162,-0.4178905487060547,18.586678886413573,20.41092300415039
163,3.07611346244812,18.41762323379517,77.90916442871094
164,7.510270118713379,18.29089834690094,110.6170425415039
165,5.639880180358887,18.1955286026001,99.34134674072266
166,6.580160617828369,18.162037038803103,105.86849975585938
167,2.868320941925049,18.110320806503296,24.988361358642578
168,3.177001714706421,17.964443254470826,17.21232032775879
169,9.620835304260254,17.85521981716156,93.86747741699219
170,6.889571189880371,17.72368428707123,44.95356369018555
171,15.32689094543457,17.71752166748047,121.16686248779297
172,5.076413631439209,17.633740258216857,77.11860656738281
173,0.413637638092041,17.51959397792816,11.649499893188477
174,5.1375412940979,17.402356791496278,73.067138671875
175,4.4921674728393555,17.357460999488833,44.5281867980957
176,4.151830673217773,17.2146754860878,25.665454864501953
177,2.984598159790039,17.150280404090882,37.36130905151367
178,4.0043816566467285,16.91527611017227,44.781211853027344
179,2.198077440261841,16.71989862918854,37.68128204345703
180,1.6399292945861816,16.735739254951476,25.427566528320312
181,5.00419807434082,16.507722544670106,74.66814422607422
182,6.337885856628418,16.330424737930297,93.23924255371094
183,-0.3955764174461365,16.19505000114441,49.75170135498047
184,0.3101728856563568,16.076926827430725,31.137357711791992
185,6.037278652191162,15.964970898628234,110.93867492675781
186,6.390345096588135,15.939566826820373,109.56696319580078
187,-0.12198042869567871,15.871986138820649,29.673093795776367
188,-1.6746666431427002,15.655835437774659,39.261940002441406
189,2.005398988723755,15.526091587543487,45.791015625
190,20.17432403564453,15.592433881759643,247.61962890625
191,14.484129905700684,15.497606694698334,140.4122314453125
192,17.588781356811523,15.590940582752228,138.6746826171875
193,21.500715255737305,15.733447515964508,219.03427124023438
194,18.087249755859375,15.731364619731902,173.20730590820312
195,5.571619987487793,15.769539523124696,21.840341567993164
196,5.902035713195801,15.752655339241027,76.34280395507812
197,7.698076248168945,15.636079263687133,107.18389892578125
198,7.945514678955078,15.575130760669708,106.1425552368164
199,9.189220428466797,15.497831284999847,156.5333709716797
200,5.368601322174072,15.459413313865664,59.133975982666016
201,4.969944477081299,15.450769913196563,45.478206634521484
202,3.125247001647949,15.20099697113037,19.219345092773438
203,2.9294891357421875,15.020688736438752,24.581649780273438
204,0.6069005727767944,14.835405790805815,6.257709980010986
205,3.6466307640075684,14.714600205421448,28.922046661376953
206,12.192023277282715,14.661962151527405,136.3595733642578
207,8.120781898498535,14.727398765087127,155.02903747558594
208,4.089561462402344,14.6303187251091,81.87853240966797
209,1.8065376281738281,14.621110534667968,55.079444885253906
210,-1.818939208984375,14.532185828685758,30.379528045654297
211,-3.257906436920166,14.360443186759948,38.72339630126953
212,-1.8134241104125977,14.315478205680847,14.708500862121582
213,-0.8168027400970459,14.231471264362334,26.606882095336914
214,-2.061967372894287,14.196966731548308,24.28382110595703
215,-2.7816648483276367,14.109661829471587,13.872760772705078
216,6.565862655639648,14.180742084980011,133.9862823486328
217,7.562500476837158,14.074087059497835,184.31024169921875
218,1.8747367858886719,14.05557552576065,167.20156860351562
219,5.5376434326171875,13.987212133407592,81.8269271850586
220,9.341594696044922,13.930102634429932,116.21466827392578
221,4.870891571044922,13.909122228622437,16.553300857543945
222,13.009634017944336,14.010450553894042,84.22421264648438
223,12.523380279541016,14.068928456306459,95.09909057617188
224,9.641434669494629,13.933906769752504,36.59083557128906
225,14.235739707946777,13.82207831144333,89.19236755371094
226,14.910959243774414,13.871311676502227,151.43765258789062
227,14.510032653808594,13.806767749786378,148.90133666992188
228,7.461199760437012,13.861715984344482,72.20452117919922
229,19.443923950195312,13.988391256332397,188.76693725585938
230,6.838728904724121,13.934505319595337,54.06568145751953
231,1.553735375404358,13.96182931661606,12.78571891784668
232,-2.975189685821533,13.971081411838531,-5.3237624168396
233,0.6816614866256714,13.816272938251496,25.69074821472168
234,3.185898780822754,13.847902929782869,47.6776008605957
235,5.473083972930908,13.77683174610138,72.75396728515625
236,1.7278473377227783,13.625056755542754,17.009117126464844
237,2.1428627967834473,13.486773884296419,20.967391967773438
238,-0.8869701623916626,13.39048342704773,16.83249282836914
239,2.974595785140991,13.355096304416655,48.9796142578125
240,11.029541969299316,13.237869668006898,169.60464477539062
241,12.498786926269531,13.188639879226685,221.72842407226562
242,17.789443969726562,13.204020917415619,309.0191955566406
243,5.612842559814453,13.206643915176393,65.61772918701172
244,1.7671403884887695,13.238945186138153,29.84426498413086
245,1.0536459684371948,13.110627567768098,26.562820434570312
246,7.652073383331299,13.099960589408875,130.29278564453125
247,6.011796951293945,13.34281610250473,172.92007446289062
248,4.205859184265137,13.246741497516632,99.32778930664062
249,-0.7493467330932617,13.139939045906067,20.533706665039062
250,-1.8602097034454346,13.050432372093201,21.438486099243164
251,-1.5788874626159668,12.960975241661071,23.529752731323242
252,-1.0473170280456543,12.957489705085754,29.379220962524414
253,-1.0532963275909424,12.922983646392822,20.37749481201172
254,-0.24227190017700195,12.78245679140091,17.227354049682617
255,-0.28170573711395264,12.75990879535675,17.1038875579834
256,1.813143253326416,12.838539016246795,29.674367904663086
257,9.002946853637695,12.86457871198654,126.8873519897461
258,7.014034271240234,12.935274767875672,81.2833480834961
259,15.0380859375,12.962009215354918,213.67564392089844
260,20.075946807861328,12.999267363548277,259.26519775390625
261,15.185833930969238,13.126081180572509,209.82257080078125
262,12.99020767211914,13.11986266374588,117.59908294677734
263,10.351555824279785,13.095631206035613,57.14991760253906
264,9.835768699645996,13.154656791687012,47.53841781616211
265,15.329195022583008,13.209840428829192,111.50387573242188
266,6.857163906097412,13.283971536159516,35.2031364440918
267,9.109807968139648,13.278033816814423,49.77324676513672
268,14.733293533325195,13.277972495555877,121.87863159179688
269,5.932791709899902,13.128334820270538,21.484615325927734
270,12.32429313659668,13.008352327346802,90.67105102539062
271,5.9684062004089355,12.978250098228454,20.296276092529297
272,5.267609596252441,12.990101826190948,52.886940002441406
273,1.5145196914672852,13.018452858924867,4.695230484008789
274,3.3605079650878906,12.911182832717897,9.094475746154785
275,14.937026977539062,12.899310958385467,159.6218719482422
276,7.73983097076416,13.004803895950317,106.31013488769531
277,1.498664379119873,12.883880257606506,3.49261474609375
278,3.40824294090271,12.878996837139129,10.270790100097656
279,3.149868965148926,12.832372903823853,8.770702362060547
280,5.552043914794922,12.907015144824982,26.294166564941406
281,3.9436726570129395,12.792317295074463,13.546355247497559
282,4.0505499839782715,12.704858827590941,12.801248550415039
283,7.296990394592285,12.626207160949708,85.13005065917969
284,7.2602128982543945,12.669524705410005,94.00668334960938
285,5.376224517822266,12.661490726470948,20.815872192382812
286,10.135790824890137,12.814641976356507,74.95579528808594
287,12.876852989196777,12.850810790061951,127.8802261352539
288,8.428656578063965,12.950955176353455,55.463768005371094
289,5.787575721740723,12.982352912425995,47.25687026977539
290,8.938356399536133,13.026737236976624,115.17405700683594
291,5.59071683883667,13.217028796672821,58.87622833251953
292,5.417253017425537,13.275025153160096,70.64234924316406
293,3.98626446723938,13.321437573432922,30.28757667541504
294,5.569893836975098,13.465519094467163,44.549461364746094
295,5.609649181365967,13.647414982318878,45.70126724243164
296,11.306631088256836,13.386946761608122,124.83714294433594
297,10.264161109924316,13.350536119937896,110.10160064697266
298,20.056957244873047,13.67002558708191,226.57473754882812
299,13.648710250854492,13.722446167469025,146.13482666015625
300,14.490055084228516,13.769538414478301,143.6057586669922
301,18.322750091552734,13.694829952716827,184.53750610351562
302,14.94038200378418,13.80423836708069,144.4971923828125
303,18.120641708374023,13.902925324440002,183.94969177246094
304,16.390777587890625,14.209301471710205,189.24554443359375
305,9.088075637817383,14.385246217250824,56.50498580932617
306,4.607887268066406,14.297600996494294,26.531707763671875
307,21.435291290283203,14.228601813316345,235.23214721679688
308,17.007843017578125,14.407895064353944,217.26268005371094
309,17.12643051147461,14.335642445087434,158.2087860107422
310,19.95099449157715,14.353974807262421,237.1935272216797
311,23.59035873413086,14.532828640937804,331.8065185546875
312,16.82818603515625,14.885406959056855,194.1285858154297
313,12.253080368041992,14.912072360515594,113.32025146484375
314,10.464357376098633,14.886179614067078,108.14555358886719
315,4.436429023742676,14.826978433132172,13.198375701904297
316,12.725170135498047,15.109467136859895,145.6195526123047
317,10.395098686218262,15.372928738594055,136.68582153320312
318,8.026360511779785,15.416283988952635,118.47643280029297
319,4.109671115875244,15.423323130607606,27.561450958251953
320,8.042268753051758,15.66807825565338,56.94926452636719
321,11.939262390136719,15.78376944065094,142.40724182128906
322,4.775518894195557,15.868925905227663,28.952720642089844
323,11.657782554626465,16.038813424110412,92.22118377685547
324,8.686607360839844,16.289067554473878,46.825592041015625
325,10.428206443786621,16.601479613780974,70.016845703125
326,15.346948623657227,16.860578656196594,130.5900421142578
327,4.244810104370117,17.28172676563263,107.74394226074219
328,10.956260681152344,17.546904981136322,134.15045166015625
329,6.348155498504639,17.885507988929746,117.39496612548828
330,10.012768745422363,18.23930630683899,104.70777893066406
331,8.854349136352539,18.73240246772766,101.43211364746094
332,11.698593139648438,19.125606417655945,222.44589233398438
333,8.385529518127441,19.532103836536407,101.70846557617188
334,4.07949161529541,20.0187065243721,10.250391960144043
335,9.936701774597168,20.307850265502932,58.157745361328125
336,14.352569580078125,20.9878146648407,111.74826049804688
337,16.715362548828125,21.58418583869934,134.41526794433594
338,21.859058380126953,22.257259917259216,275.8606262207031
339,6.90291690826416,22.91014358997345,65.04740905761719
340,12.333416938781738,23.529058384895325,127.38217163085938
341,3.8126399517059326,24.427363085746766,9.943313598632812
342,7.016012191772461,25.035589361190798,26.89110565185547
343,4.975385665893555,25.79514148235321,20.27395248413086
344,17.708663940429688,26.508019757270812,244.5755615234375
345,3.042428493499756,27.74768748283386,10.181256294250488
346,8.235540390014648,28.638020730018617,76.87953186035156
347,7.861453056335449,29.630637860298158,87.35639190673828
348,3.6803431510925293,30.634907174110413,28.207862854003906
349,6.452638626098633,31.72038815021515,24.394145965576172
350,4.604421138763428,33.03012909889222,13.878122329711914
351,8.554720878601074,34.1858451128006,58.90987014770508
352,5.953482627868652,35.421167087554934,40.39108657836914
353,3.816628932952881,36.583688259124756,36.021759033203125
354,4.6902055740356445,37.88736178874969,40.02814483642578
355,4.10767936706543,39.4062933921814,33.83949279785156
356,1.9062473773956299,41.071816086769104,9.551460266113281
357,1.699069619178772,42.66651782989502,5.109518527984619
358,7.756377220153809,44.235510206222536,54.67089080810547
359,7.049318313598633,46.06427998542786,33.59128952026367
360,11.374570846557617,47.868410849571234,117.4665756225586
361,10.345783233642578,49.67617628574371,93.70268249511719
362,7.099764347076416,51.79926061630249,38.250553131103516
363,5.348817825317383,53.83530235290527,47.73351287841797
364,6.761414051055908,55.92940983772278,126.20508575439453
365,5.23940896987915,58.329513454437254,31.880599975585938
366,14.0327730178833,60.93216037750244,156.4532012939453
367,18.889263153076172,63.284654998779295,249.07449340820312
368,22.69407081604004,66.10466175079345,303.636474609375
369,15.543950080871582,68.83725781440735,216.91653442382812
370,2.619945526123047,71.68935685157777,4.813741683959961
371,16.232393264770508,74.59947381019592,212.7565155029297
372,6.32320499420166,77.54362640380859,120.86187744140625
373,16.405948638916016,80.80891652107238,120.77923583984375
374,9.38685131072998,84.17879915237427,130.72727966308594
375,10.767871856689453,87.79410495758057,138.41220092773438
376,19.226398468017578,91.4320436000824,286.3495178222656
377,14.440479278564453,95.29488444328308,235.81454467773438
378,15.651927947998047,99.35595498085021,164.65020751953125
379,11.726607322692871,103.50298867225648,180.9011993408203
380,9.22524642944336,108.03188858032227,105.82005310058594
381,9.669785499572754,112.16481657028199,91.29613494873047
382,4.778465270996094,116.54533824920654,43.299774169921875
383,6.88032865524292,121.46032562255859,37.99964904785156
384,13.398499488830566,126.26077337265015,118.97982025146484
385,11.344244956970215,131.2917260169983,178.1226348876953
386,10.500617027282715,136.64422903060915,127.07586669921875
387,13.28331470489502,142.14846448898317,181.35189819335938
388,6.118654251098633,148.0109107017517,57.191627502441406
389,7.4402079582214355,153.68801441192628,114.79672241210938
390,5.623679161071777,159.93777084350586,126.02436065673828
391,6.98823356628418,166.55741653442382,31.683246612548828
392,8.486788749694824,173.33325443267825,98.74334716796875
393,9.579145431518555,180.1620765686035,99.65711975097656
394,22.250415802001953,187.72455968856812,290.927978515625
395,22.36670684814453,195.6490414619446,279.94256591796875
396,19.352649688720703,203.98799467086792,200.27659606933594
397,15.984951972961426,212.75818538665771,166.7757568359375
398,11.18840217590332,221.71570148468018,187.29495239257812
399,19.769943237304688,229.4663261413574,178.35696411132812
400,18.06293487548828,239.11540184020993,241.22381591796875
401,13.370800018310547,248.8560573577881,150.54774475097656
402,11.652115821838379,258.2513877868652,92.75072479248047
403,22.846691131591797,268.94120388031,263.1197204589844
404,15.801664352416992,280.0544948577881,234.42388916015625
405,20.06800651550293,291.5014554977417,262.306640625
406,15.930135726928711,303.6512788772583,178.23489379882812
407,13.810197830200195,317.22770557403567,200.22015380859375
408,10.814395904541016,330.16589069366455,149.9770965576172
409,9.752008438110352,342.34551830291747,340.1455993652344
410,27.526710510253906,355.8748258590698,457.14532470703125
411,24.092945098876953,369.7189950942993,314.1841735839844
412,24.96426773071289,382.43630008697505,338.7474060058594
413,25.520322799682617,397.02452278137207,337.5249328613281
414,16.438138961791992,412.7665084838867,219.86634826660156
415,16.46196746826172,425.8248867034912,230.62185668945312
416,8.126469612121582,442.00101509094236,67.99447631835938
417,4.000497341156006,458.8716117858886,56.078392028808594
418,17.00621223449707,476.60481986999514,189.86273193359375
419,12.125576972961426,493.72322807312014,110.51016235351562
420,6.09455680847168,511.9695411682129,23.970436096191406
421,4.855834007263184,531.2796592712402,44.579994201660156
422,3.70683217048645,550.8257396697998,11.870258331298828
423,2.1617226600646973,568.2334274291992,3.474673271179199
424,5.786043643951416,588.0336605072022,79.34355926513672
425,7.731108665466309,608.3714256286621,78.06515502929688
426,14.045376777648926,627.2086875915527,191.53173828125
427,8.051652908325195,648.4196220397948,28.679569244384766
428,11.603523254394531,670.4958457946777,89.39213562011719
429,10.50259780883789,693.7612174987794,75.78121948242188
430,11.856325149536133,718.0461624145507,101.90834045410156
431,11.613032341003418,742.138875579834,122.76690673828125
432,15.273384094238281,765.3148254394531,161.63169860839844
433,5.459723949432373,793.0571121215821,28.692655563354492
434,13.92074203491211,816.3110000610351,122.2995834350586
435,12.000845909118652,842.5046684265137,118.50016784667969
436,8.423254013061523,870.4981018066405,79.36905670166016
437,13.451566696166992,897.2205009460449,147.9236297607422
438,22.417648315429688,925.2383270263672,240.70849609375
439,21.938961029052734,953.3847106933594,302.9925537109375
440,14.086464881896973,979.7553596496582,165.9346160888672
441,22.55221176147461,1008.836050415039,334.2125244140625
442,16.17101287841797,1041.726442718506,242.64891052246094
443,29.77597427368164,1068.8865196228028,392.7821350097656
444,28.20252227783203,1097.0057090759278,369.317138671875
445,17.8265323638916,1130.1615844726562,219.15098571777344
446,3.6797447204589844,1161.2275299072267,18.08907127380371
447,2.1345949172973633,1191.5408599853517,13.838837623596191
448,-0.16897612810134888,1221.9918670654297,7.705346584320068
449,3.0057425498962402,1254.5586898803713,125.412841796875
450,8.380935668945312,1286.0009231567383,100.31871032714844
451,7.89390230178833,1315.8000610351564,94.02397918701172
452,11.903301239013672,1351.423138427734,150.57632446289062
453,10.680046081542969,1383.097311401367,137.86378479003906
454,18.274242401123047,1411.1309677124025,271.7579650878906
455,5.360320091247559,1444.014259338379,206.99649047851562
456,7.746921539306641,1478.7750030517577,263.5718994140625
457,6.792180061340332,1519.311605834961,228.5428924560547
458,7.167489051818848,1554.8139892578124,178.5098419189453
459,7.0408477783203125,1589.78876953125,112.00782775878906
460,1.9456992149353027,1623.4658660888672,56.88418960571289
461,10.896085739135742,1661.6296798706055,163.1144561767578
462,10.297250747680664,1702.2999252319337,161.03262329101562
463,6.2023820877075195,1739.44891204834,72.6104965209961
464,19.541446685791016,1776.468325805664,236.8301544189453
465,20.419872283935547,1818.5616256713865,254.90370178222656
466,6.651052951812744,1859.2645935058595,35.902137756347656
467,9.03924560546875,1900.3325759887696,50.003746032714844
468,21.007841110229492,1942.967395019531,306.8410339355469
469,13.434657096862793,1985.0108520507813,200.08128356933594
470,16.421113967895508,2030.4856369018553,226.0029296875
471,16.322492599487305,2075.9766235351562,197.06443786621094
472,10.446727752685547,2115.082450866699,132.89332580566406
473,10.112371444702148,2157.8889892578127,134.73928833007812
474,15.757115364074707,2208.225621032715,214.6981658935547
475,12.786774635314941,2256.721981811523,185.50379943847656
476,12.814603805541992,2305.7149398803713,197.61415100097656
477,15.244820594787598,2355.6721466064455,243.48965454101562
478,21.44656753540039,2403.909182739258,426.75390625
479,8.907567024230957,2449.74951171875,76.3161392211914
480,19.533462524414062,2500.055987548828,245.58758544921875
481,17.260133743286133,2551.077163696289,179.68670654296875
482,10.914335250854492,2581.3068359375,97.32518005371094
483,11.400314331054688,2647.9185180664062,152.30795288085938
484,9.938337326049805,2687.1532348632813,55.75727081298828
485,12.373063087463379,2733.8762847900393,125.22689056396484
486,7.404974937438965,2784.3399536132815,69.11162567138672
487,9.226218223571777,2847.3587005615236,91.72574615478516
488,7.052217960357666,2905.862997436523,74.36979675292969
489,5.443936824798584,2946.247866821289,67.74818420410156
490,11.874324798583984,2992.4890319824217,142.95819091796875
491,14.673120498657227,3049.0454772949215,208.15097045898438
492,17.212385177612305,3107.2001220703123,172.09039306640625
493,7.563421249389648,3172.5505859375003,60.01372528076172
494,16.704845428466797,3233.3919982910156,192.18431091308594
495,15.1736421585083,3320.2278717041013,179.348876953125
496,11.037714004516602,3400.458645629883,60.415016174316406
497,7.217592239379883,3439.464025878906,85.87687683105469
498,2.361703872680664,3501.1930786132816,16.03721809387207
499,10.855338096618652,3566.318783569336,171.60545349121094
500,10.460862159729004,3611.3678039550778,116.40904998779297
501,12.138201713562012,3677.843927001953,148.89743041992188
502,17.767108917236328,3785.6424163818356,213.74267578125
503,14.404044151306152,3838.404815673828,123.09222412109375
504,23.798946380615234,3900.21315612793,320.5717468261719
505,5.73502254486084,3926.413739013672,29.1834659576416
506,2.8847239017486572,4008.5400329589847,11.46489143371582
507,1.855093240737915,4070.962948608398,4.9869384765625
508,2.3623650074005127,4133.467172241211,5.0942816734313965
509,9.676159858703613,4217.748300170899,130.50180053710938
510,11.067122459411621,4286.4721801757805,112.13636779785156
511,7.403438568115234,4340.038385009766,49.31224060058594
512,2.4448537826538086,4422.151541137695,6.87624979019165
513,5.047092437744141,4491.418106079102,22.211889266967773
514,-0.5622212886810303,4557.692663574218,25.37073516845703
515,5.132923126220703,4671.184185791016,33.98749923706055
516,10.655905723571777,4743.713665771485,115.74205017089844
517,5.222108840942383,4839.696716308594,25.524211883544922
518,5.071042537689209,4894.768731689453,30.714862823486328
519,8.861499786376953,4960.648510742188,111.66635131835938
520,7.008011341094971,5054.202819824219,96.06453704833984
521,9.10110855102539,5138.6878112792965,108.91996002197266
522,13.733023643493652,5191.135235595703,166.635986328125
523,13.639031410217285,5269.861108398438,159.13189697265625
524,13.870888710021973,5336.051330566406,123.36493682861328
525,22.164573669433594,5425.108813476563,253.15139770507812
526,11.55882740020752,5553.258489990234,156.4084930419922
527,17.630104064941406,5625.318835449219,196.36997985839844
528,5.050897598266602,5663.1170654296875,46.493186950683594
529,1.9464049339294434,5751.440087890625,10.68697738647461
530,5.827884197235107,5839.9983032226555,88.18354797363281
531,2.7416322231292725,5936.145526123047,26.653564453125
532,1.1826300621032715,6039.43394165039,3.7475686073303223
533,7.108701705932617,6124.938323974609,78.35872650146484
534,11.736099243164062,6210.86010131836,183.79554748535156
535,28.08881950378418,6315.531048583984,362.97174072265625
536,14.159588813781738,6346.441876220703,166.7770538330078
537,13.76192855834961,6438.11519165039,159.55899047851562
538,20.4630126953125,6534.936883544922,275.478759765625
539,17.291967391967773,6615.563903808594,209.6710662841797
540,16.817096710205078,6628.564978027343,210.60203552246094
541,22.296401977539062,6743.1505920410145,311.451171875
542,18.665250778198242,6826.738342285156,264.02288818359375
543,8.005718231201172,6911.734692382813,104.1501693725586
544,7.25383996963501,6966.768395996094,92.33878326416016
545,4.708224773406982,7063.268041992187,26.27033042907715
546,7.2490153312683105,7124.806921386718,31.927610397338867
547,14.93809700012207,7239.3346496582035,173.54457092285156
548,15.450153350830078,7312.978643798828,123.99690246582031
549,17.253822326660156,7439.143988037109,182.13076782226562
550,3.7645504474639893,7545.762213134765,63.33702850341797
551,8.498995780944824,7645.4100891113285,112.02250671386719
552,11.736169815063477,7734.265856933594,143.76353454589844
553,10.949228286743164,7859.393298339844,156.82635498046875
554,5.485921859741211,7991.662780761719,31.591102600097656
555,8.678731918334961,8106.325299072266,64.59233093261719
556,7.237285137176514,8207.292132568358,64.32442474365234
557,17.492935180664062,8275.279968261719,222.58401489257812
558,12.225113868713379,8386.621850585938,139.47520446777344
559,7.394876956939697,8560.393237304688,77.83004760742188
560,3.4411892890930176,8788.38901977539,16.04230499267578
561,1.955350637435913,8856.812872314455,2.3602261543273926
562,5.10493803024292,8975.883654785157,74.8621826171875
563,6.6919660568237305,9050.421813964844,48.037845611572266
564,11.849854469299316,9197.755993652343,105.6852035522461
565,20.295839309692383,9325.22371826172,254.208740234375
566,5.888055801391602,9413.258959960938,48.38159942626953
567,9.029641151428223,9545.927783203126,112.39857482910156
568,5.559844017028809,9658.132019042969,216.60546875
569,0.7705148458480835,9693.010583496094,142.73831176757812
570,-2.0111358165740967,9787.848449707031,56.49878692626953
571,3.193516731262207,10121.10987548828,51.73851776123047
572,12.353055953979492,10310.699792480467,120.63719940185547
573,15.584753036499023,10456.935766601562,220.438232421875
574,13.922356605529785,10557.518640136717,134.99948120117188
575,6.262561321258545,10650.017248535156,76.2449722290039
576,10.95729923248291,10818.209912109374,145.28985595703125
577,1.9358158111572266,10991.24990234375,29.963972091674805
578,1.4110686779022217,11135.437609863282,8.98824691772461
579,13.341226577758789,11275.235729980468,159.7060546875
580,17.24967384338379,11273.604614257812,205.6417236328125
581,9.115090370178223,11280.159118652344,115.43006134033203
582,3.5197248458862305,11435.149304199218,17.466299057006836
583,6.484953880310059,11558.326171875,82.137451171875
584,10.097597122192383,11776.624060058593,90.96199035644531
585,23.720901489257812,11900.048962402345,329.3449401855469
586,17.864276885986328,11907.894921875,176.71762084960938
587,14.552563667297363,12069.135107421876,161.99652099609375
588,15.150304794311523,12272.010156249999,190.85812377929688
589,16.72408103942871,12403.373266601562,218.7898406982422
590,16.07400894165039,12690.903161621092,252.5222625732422
591,14.716666221618652,12824.172180175781,207.77548217773438
592,6.542662143707275,12975.547521972658,82.08018493652344
593,9.397838592529297,13165.82001953125,72.56482696533203
594,10.248416900634766,13344.423107910156,131.10531616210938
595,6.882957458496094,13522.715686035157,49.54780578613281
596,4.451892852783203,13534.573376464843,188.20553588867188
597,2.027050733566284,13716.869262695312,49.66460037231445
598,6.1865973472595215,13919.301159667968,40.945159912109375
599,11.238537788391113,14054.0259765625,148.92916870117188
600,9.22716999053955,14319.725646972656,115.3678970336914
601,12.331068992614746,14484.358435058595,179.91616821289062
602,15.580907821655273,14606.866271972656,187.71617126464844
603,13.283771514892578,14964.337915039063,186.02456665039062
604,18.881423950195312,15161.42237548828,181.8193359375
605,25.724422454833984,15434.340454101562,349.63482666015625
606,12.81033706665039,15700.0365234375,142.82998657226562
607,4.815346717834473,15859.733776855468,18.97981071472168
608,10.648829460144043,15972.403710937499,117.21512603759766
609,4.824775218963623,16094.485266113283,134.79249572753906
610,7.321807384490967,16276.890783691406,312.45440673828125
611,13.543657302856445,16390.665124511717,258.671142578125
612,13.265433311462402,16555.96807861328,161.01168823242188
613,17.2752628326416,16724.887707519534,195.09515380859375
614,14.016716957092285,16697.51921386719,174.40072631835938
615,15.808699607849121,16558.080114746095,218.1910400390625
616,11.209184646606445,16817.172314453128,160.760986328125
617,11.12649154663086,17042.396240234375,155.30941772460938
618,16.217206954956055,17254.368310546874,227.32371520996094
619,22.085966110229492,17182.855822753907,291.5411376953125
620,24.26499366760254,17418.851135253906,358.7305908203125
621,25.07956886291504,17550.453845214844,335.7505798339844
622,15.170036315917969,17769.11867675781,158.63241577148438
623,15.223550796508789,18137.659216308595,186.14495849609375
624,15.261022567749023,18172.719018554686,155.90663146972656
625,18.583242416381836,18366.066625976564,336.9983825683594
626,12.000468254089355,18849.83952636719,233.10276794433594
627,7.753939151763916,19117.813256835936,163.69573974609375
628,9.560079574584961,19231.057055664063,108.8553466796875
629,9.266993522644043,19328.947973632814,120.58462524414062
630,9.29184627532959,19572.013623046874,112.12726593017578
631,11.919166564941406,19669.23576660156,137.3790283203125
632,4.0085954666137695,19932.122338867186,18.647790908813477
633,3.112489700317383,20376.307250976562,22.811141967773438
634,10.300896644592285,20556.112866210937,117.99304962158203
635,8.748821258544922,20868.734497070312,79.26094055175781
636,7.9787278175354,20845.314697265625,65.90767669677734
637,14.296324729919434,20987.83791503906,178.52989196777344
638,17.242656707763672,21313.65827636719,187.089111328125
639,12.129755973815918,21474.643286132814,139.7964630126953
640,9.809296607971191,21740.317944335937,97.42327117919922
641,5.903245449066162,22069.609301757813,35.85063934326172
642,11.845947265625,22248.772412109374,150.65040588378906
643,12.951105117797852,22654.303637695313,172.42832946777344
644,12.973283767700195,22841.019677734377,171.89210510253906
645,6.466874599456787,23467.713745117188,47.181053161621094
646,11.05724811553955,23743.93217773438,150.53138732910156
647,10.39155101776123,24458.908862304685,152.94895935058594
648,9.125082969665527,25113.54873046875,259.6007995605469
649,4.613311767578125,25364.82375488281,175.96499633789062
650,12.878891944885254,25520.573437500003,271.421630859375
651,8.541221618652344,25854.800048828125,160.7144012451172
652,13.059232711791992,26323.435668945312,128.67247009277344
653,9.915215492248535,26110.714404296876,107.94806671142578
654,14.447798728942871,26387.761987304686,159.38400268554688
655,7.6663055419921875,26623.68679199219,135.67678833007812
656,8.41248607635498,26785.894262695314,84.49079132080078
657,1.0433125495910645,26970.809912109376,9.160835266113281
658,2.346938133239746,27017.2404296875,6.502563953399658
659,7.514679908752441,26788.507080078125,62.65684127807617
660,9.503703117370605,26749.8759765625,119.21061706542969
661,2.2102901935577393,27077.024560546874,7.186845779418945
662,11.173334121704102,27091.044238281247,159.07608032226562
663,3.170879602432251,26998.72946777344,30.42333984375
664,7.07717752456665,27275.409228515626,71.12893676757812
665,9.542283058166504,27597.996630859372,103.99592590332031
666,4.072702407836914,27891.69970703125,88.31246948242188
667,4.591004371643066,28236.73884277344,39.49927520751953
668,7.070933818817139,28145.955322265625,90.94004821777344
669,7.573187828063965,28081.97409667969,58.866825103759766
670,13.053267478942871,28802.698999023436,159.22238159179688
671,14.981895446777344,28756.883862304687,206.8707275390625
672,11.515110969543457,29055.646899414063,225.12844848632812
673,15.418157577514648,29406.55026855469,164.70660400390625
674,17.53978157043457,30360.86130371094,232.72494506835938
675,23.242198944091797,30628.825537109376,272.0704345703125
676,17.198284149169922,31535.7115234375,184.61758422851562
677,8.207925796508789,31936.921435546872,81.15037536621094
678,7.519983291625977,32670.719677734378,52.264122009277344
679,6.407369613647461,33449.65686035156,121.06433868408203
680,3.2578282356262207,33668.389379882814,118.45345306396484
681,7.971217632293701,33757.11328125,99.00274658203125
682,3.555427074432373,34492.75578613281,34.48729705810547
683,1.180124044418335,35083.81010742188,7.703207492828369
684,3.7788808345794678,35748.34758300781,16.608552932739258
685,9.682378768920898,36921.289331054686,125.3464126586914
686,6.996026515960693,36756.67077636719,163.01901245117188
687,3.987217903137207,37159.188745117186,14.791550636291504
688,2.4688947200775146,36687.091015625,12.03197956085205
689,8.55410099029541,37112.70639648438,85.66466522216797
690,1.9139035940170288,36614.6826171875,3.5175483226776123
691,5.062344551086426,36699.8810546875,19.497215270996094
692,5.048687934875488,36582.46784667969,25.149097442626953
693,6.939962387084961,37099.26364746093,60.654075622558594
694,10.44935417175293,37092.85363769531,142.54513549804688
695,12.042978286743164,37627.86025390625,134.66769409179688
696,28.765907287597656,38319.13173828125,306.50433349609375
697,8.378170013427734,38817.24216308594,80.0921630859375
698,12.494617462158203,39811.35734863281,124.23068237304688
699,13.556341171264648,39984.74914550781,147.29759216308594
700,18.41627311706543,40065.97846679688,200.61265563964844
701,26.990243911743164,39982.59814453125,322.7027587890625
702,22.53741455078125,40436.76225585937,324.7725524902344
703,20.739891052246094,40098.13154296875,257.1836242675781
704,25.490446090698242,39999.61831054687,339.1309509277344
705,20.53655242919922,39493.07426757812,293.4805908203125
706,16.167842864990234,39979.816162109375,222.51425170898438
707,8.688488960266113,40101.4984375,204.53001403808594
708,8.122663497924805,39983.20502929688,172.8955841064453
709,5.776554584503174,40153.883984375,77.1014404296875
710,7.343427658081055,40028.54262695312,66.0718994140625
711,10.431407928466797,40214.443457031244,143.17160034179688
712,5.733341693878174,40406.18759765625,55.895172119140625
713,1.7278681993484497,41247.62153320313,49.93798828125
714,4.632856845855713,41565.23911132812,18.605777740478516
715,7.570772647857666,42435.554296875,98.68428802490234
716,9.682193756103516,42723.407421875,92.4035415649414
717,4.793025016784668,43414.052832031244,13.981911659240723
718,3.435563802719116,43938.75180664063,12.284818649291992
719,10.870170593261719,44441.981689453125,136.34901428222656
720,9.598132133483887,43415.42690429688,85.91959381103516
721,9.091553688049316,43910.749267578125,70.58919525146484
722,4.806625843048096,44761.1447265625,22.227462768554688
723,1.4532523155212402,45170.09487304688,5.215688705444336
724,1.080005407333374,45749.527099609375,2.5548653602600098
725,0.9376579523086548,45666.8357421875,1.2492647171020508
726,0.5265294313430786,46125.7958984375,0.14370286464691162
727,5.877625465393066,46008.31733398438,34.73492431640625
728,16.705156326293945,46899.06967773438,223.45372009277344
729,7.416208267211914,46935.909423828125,98.00788879394531
730,4.125591278076172,47143.98325195313,52.69243240356445
731,2.29290771484375,47665.023535156244,6.413098335266113
732,2.3083019256591797,47664.0349609375,19.462207794189453
733,-0.5745517015457153,48336.61704101563,4.517459869384766
734,0.6944551467895508,48376.812109375,57.54731369018555
735,1.4941706657409668,48599.00874023438,49.40274429321289
736,10.119267463684082,50825.10087890625,89.3145751953125
737,11.300929069519043,52667.011962890625,143.25131225585938
738,9.969537734985352,54156.22783203125,122.32826232910156
739,8.226910591125488,54499.97001953125,136.13658142089844
740,7.7554216384887695,54170.76665039062,37.39055633544922
741,5.125857353210449,54213.19912109375,81.77105712890625
742,3.186215877532959,54481.20463867187,18.915470123291016
743,1.461857795715332,54363.16401367188,3.1843104362487793
744,7.641473293304443,53836.34047851563,59.62180709838867
745,5.440435409545898,54388.05268554687,87.88978576660156
746,10.931167602539062,55246.998828125,148.29617309570312
747,13.523479461669922,56680.16416015626,171.03204345703125
748,8.833491325378418,57282.55649414063,87.95967864990234
749,12.539923667907715,57932.103271484375,149.69068908691406
750,15.519550323486328,57013.1634765625,193.92160034179688
751,12.70372486114502,57497.58544921875,147.7714385986328
752,9.39208984375,57502.486718750006,82.95417022705078
753,12.607120513916016,58699.94331054688,151.02206420898438
754,17.757287979125977,57806.63393554687,248.79171752929688
755,6.401470184326172,58626.445214843756,50.99907302856445
756,8.716972351074219,59275.79848632813,105.37340545654297
757,6.716315746307373,60313.708740234375,93.0291519165039
758,3.109642267227173,61386.1994140625,15.205543518066406
759,5.0866312980651855,61784.85649414062,69.40826416015625
760,3.9863133430480957,62785.73334960938,57.41090774536133
761,23.14165687561035,63499.93637695313,257.507080078125
762,14.568143844604492,64605.93618164062,126.4945068359375
763,8.308577537536621,65523.5744140625,75.87606811523438
764,-0.7580406665802002,66802.09541015625,40.417293548583984
765,-8.060166358947754,68738.22041015625,182.70852661132812
766,4.035811424255371,67809.62553710939,94.33866882324219
767,11.831941604614258,66976.5513671875,186.00680541992188
768,9.950642585754395,67724.00107421874,119.5943603515625
769,22.615453720092773,68597.54160156251,313.1918640136719
770,13.176647186279297,68772.28725585938,193.76950073242188
771,8.279624938964844,68579.3638671875,115.93666076660156
772,8.703520774841309,68731.19702148438,116.23794555664062
773,9.673440933227539,68689.98862304687,137.7351837158203
774,7.32432222366333,68670.64423828125,95.74060821533203
775,10.557633399963379,68379.68085937499,197.69236755371094
776,7.887778282165527,68351.50815429687,104.33866882324219
777,7.730503559112549,69498.75908203125,101.3341293334961
778,3.659191131591797,68860.67421875,20.574878692626953
779,-2.5328619480133057,68716.54780273438,24.021913528442383
780,3.8461716175079346,68450.31083984375,39.928009033203125
781,3.616447687149048,69074.05581054688,15.501073837280273
782,1.6181855201721191,69842.58134765625,72.75869750976562
783,10.95182991027832,70685.0357421875,121.81969451904297
784,11.709709167480469,71728.43051757812,132.3446044921875
785,21.599416732788086,71935.78876953125,292.168701171875
786,12.312758445739746,71511.65678710937,185.21676635742188
787,3.2311697006225586,71315.13198242188,35.55180358886719
788,5.09002685546875,73221.42177734374,53.372962951660156
789,8.488706588745117,73239.41025390624,107.1497802734375
790,6.4335126876831055,73720.66518554688,52.09883499145508
791,5.695913314819336,74074.75625,87.88062286376953
792,5.073266983032227,73883.9037109375,31.705785751342773
793,15.755295753479004,75005.45346679687,226.12428283691406
794,11.55278491973877,77720.69736328124,158.4423828125
795,15.697237968444824,79270.3087890625,202.94139099121094
796,11.635249137878418,82238.16171875,98.02960968017578
797,9.206074714660645,83890.98203125,87.59237670898438
798,14.932783126831055,82256.75800781249,142.98216247558594
799,9.975913047790527,81698.40869140625,111.99920654296875
800,9.47782039642334,82017.78388671874,64.4590072631836
801,1.4350073337554932,81796.44062499999,2.3718035221099854
802,11.143716812133789,82304.2041015625,142.23745727539062
803,18.528718948364258,81745.4935546875,285.87371826171875
804,33.54513931274414,80783.58212890624,444.0982666015625
805,10.569114685058594,80398.10126953125,160.82952880859375
806,6.130759239196777,82483.35761718749,65.65867614746094
807,12.961036682128906,84167.18115234375,139.79574584960938
808,16.834871292114258,82735.434765625,196.21336364746094
809,11.257009506225586,84455.5599609375,134.97366333007812
810,11.047990798950195,87363.81416015625,153.25657653808594
811,15.873285293579102,87227.679296875,226.8126220703125
812,21.01418685913086,88582.91171875,288.1802978515625
813,12.223782539367676,91300.30126953125,124.63236236572266
814,11.667417526245117,91290.7072265625,115.76046752929688
815,4.947774410247803,92213.9947265625,22.178010940551758
816,2.810941457748413,94857.5693359375,106.33235168457031
817,5.050409317016602,96804.13017578123,34.62785720825195
818,5.690437316894531,97878.8287109375,73.3321533203125
819,14.263839721679688,98558.52255859376,196.00497436523438
820,12.669610977172852,97416.95400390626,198.3091583251953
821,1.9597175121307373,97863.0298828125,10.675821304321289
822,5.182165145874023,94260.34169921876,32.87160873413086
823,7.319519996643066,94095.365625,92.82848358154297
824,3.838400363922119,93697.615234375,16.544971466064453
825,8.611078262329102,95606.20185546875,107.89753723144531
826,10.683880805969238,96375.31044921876,138.92828369140625
827,7.2069926261901855,96764.055859375,49.25426483154297
828,16.030559539794922,97364.11503906251,187.0851287841797
829,29.873388290405273,97853.41357421875,407.7496337890625
830,20.82167625427246,98923.16982421876,268.8604431152344
831,12.82562255859375,99646.0921875,200.5022735595703
832,9.26108455657959,102053.68203125,277.731689453125
833,14.314953804016113,99357.647265625,267.422607421875
834,21.588220596313477,100176.04150390625,341.5400695800781
835,11.536913871765137,102476.57734374999,281.33978271484375
836,4.752114295959473,103411.18867187499,65.564453125
837,2.3851537704467773,105093.46611328126,123.81121063232422
838,3.5670342445373535,105083.38955078126,117.19403839111328
839,9.830512046813965,105912.70625,179.03005981445312
840,6.699007987976074,103617.990234375,197.0477294921875
841,6.459378719329834,104830.35859374999,89.82369995117188
842,16.21502685546875,104840.31171875,181.33055114746094
843,14.36283016204834,107558.80361328126,141.8911895751953
844,13.764418601989746,106449.91513671874,165.3692626953125
845,11.641341209411621,108062.2359375,140.3699951171875
846,8.865545272827148,108926.07802734374,109.89280700683594
847,7.4178972244262695,108381.00351562501,115.1334228515625
848,11.501415252685547,111670.00410156249,122.47445678710938
849,10.40316390991211,112942.079296875,89.64956665039062
850,4.103458881378174,114697.46806640626,45.94776916503906
851,1.3316768407821655,114904.58486328126,136.83837890625
852,4.8333611488342285,119423.09501953125,130.8689727783203
853,10.747208595275879,121476.97421875001,143.98025512695312
854,16.823326110839844,124527.87099609376,189.6700897216797
855,3.18025541305542,125275.35859375,9.488327980041504
856,3.8744864463806152,125353.06464843749,16.632617950439453
857,7.050662040710449,128564.04189453126,52.70391082763672
858,6.404312610626221,128291.46748046874,91.25542449951172
859,1.9208214282989502,126089.336328125,13.496567726135254
860,2.300713062286377,123581.17919921875,9.090839385986328
861,4.654029846191406,125117.65576171875,50.26237869262695
862,8.159443855285645,127652.70556640626,45.01998519897461
863,17.804500579833984,127778.88593749999,222.33795166015625
864,5.877711296081543,129332.13994140625,71.24891662597656
865,-2.8150269985198975,130843.92402343749,79.61947631835938
866,9.443380355834961,134318.4265625,111.76512145996094
867,8.400529861450195,136403.77998046874,70.22982788085938
868,2.1317081451416016,136256.35703125,55.09187698364258
869,12.469526290893555,137123.32587890624,296.4559326171875
870,9.281481742858887,133753.25644531252,112.7928466796875
871,7.309028148651123,133319.35595703125,52.19808578491211
872,14.931136131286621,136351.7357421875,195.82223510742188
873,18.451519012451172,141748.74111328126,204.620849609375
874,16.862741470336914,142813.59511718748,186.09762573242188
875,14.401747703552246,143479.90283203125,190.66957092285156
876,20.515737533569336,140106.41171875,307.68963623046875
877,8.075499534606934,142167.16806640624,57.801025390625
878,11.845951080322266,148187.49873046874,113.0574951171875
879,7.999591827392578,149781.55332031252,55.363746643066406
880,11.427328109741211,149528.326171875,132.64537048339844
881,3.614760398864746,149953.83828125,14.323104858398438
882,2.67582106590271,148605.75937500002,11.07015609741211
883,7.328222274780273,145009.05810546875,55.06978988647461
884,3.984802484512329,148684.5998046875,27.667505264282227
885,-2.8831610679626465,148509.34062499998,46.65365982055664
886,10.501245498657227,149168.1509765625,124.42233276367188
887,17.30455780029297,149219.21025390626,210.4044189453125
888,9.46446418762207,151265.10927734376,92.29297637939453
889,11.398237228393555,142810.1228515625,121.50700378417969
890,11.704998016357422,147602.5146484375,179.25396728515625
891,21.140640258789062,149008.06005859375,343.75048828125
892,16.326141357421875,148630.4822265625,146.790283203125
893,12.338739395141602,149167.29179687498,130.68548583984375
894,15.47481632232666,155750.12158203125,217.80267333984375
895,12.026571273803711,159515.64345703123,86.0447998046875
896,7.2370734214782715,156203.6169921875,48.56787109375
897,6.391885757446289,157245.1619140625,42.25398635864258
898,15.104934692382812,152472.60791015625,165.60643005371094
899,26.623926162719727,152542.04355468752,334.2843322753906
900,16.59836196899414,153508.22812500002,192.5404052734375
901,14.491096496582031,154905.30400390626,144.8347930908203
902,14.451301574707031,150195.82353515626,114.97103881835938
903,16.810649871826172,158385.65673828125,195.34445190429688
904,14.444292068481445,156884.74365234375,201.63400268554688
905,15.373724937438965,160442.778515625,204.02874755859375
906,18.267375946044922,159318.484375,249.8887939453125
907,13.687963485717773,160808.7140625,148.6303253173828
908,19.166349411010742,159761.77880859375,301.0838317871094
909,7.695645809173584,161656.0630859375,103.40090942382812
910,14.843271255493164,161232.14638671876,184.24139404296875
911,20.545166015625,162978.2380859375,270.674560546875
912,15.841900825500488,164423.087890625,226.48460388183594
913,7.809553146362305,166690.526953125,99.51875305175781
914,8.073872566223145,165091.723046875,83.91694641113281
915,3.4174513816833496,164068.337890625,34.47174835205078
916,1.0381677150726318,168741.3283203125,3.1903672218322754
917,4.348968982696533,168970.5390625,40.822879791259766
918,9.96854019165039,165224.58183593748,131.7913818359375
919,10.592796325683594,168591.733203125,147.8308868408203
920,12.60536003112793,169812.5615234375,185.94090270996094
921,5.109943866729736,170941.926953125,23.870805740356445
922,4.834495544433594,174082.30117187498,25.666582107543945
923,13.936320304870605,174440.3154296875,170.09092712402344
924,19.16425132751465,175262.42460937498,207.69512939453125
925,14.213737487792969,176419.4634765625,155.78028869628906
926,11.746257781982422,180092.6326171875,339.1056823730469
927,15.423690795898438,182006.096484375,285.499267578125
928,12.232824325561523,179599.2990234375,165.39857482910156
929,13.090985298156738,181057.457421875,127.9447021484375
930,6.905867576599121,180985.59453125,40.496482849121094
931,13.895013809204102,190085.319140625,172.11053466796875
932,16.11868667602539,189914.98769531248,198.94815063476562
933,11.551603317260742,189527.56894531252,197.55252075195312
934,11.090232849121094,190201.7775390625,257.30487060546875
935,13.008193969726562,193570.4912109375,159.4769287109375
936,12.90636157989502,190927.659375,207.03030395507812
937,7.897881984710693,192635.2830078125,152.899169921875
938,1.8772971630096436,186129.08750000002,9.058536529541016
939,8.887907981872559,186443.25078125,117.21613311767578
940,9.256962776184082,194549.6298828125,119.34854125976562
941,10.329195022583008,196960.7166015625,118.18766021728516
942,11.692424774169922,187361.926171875,138.94384765625
943,11.29190731048584,189951.2525390625,144.72250366210938
944,6.934177398681641,191167.269921875,49.304603576660156
945,10.936684608459473,192180.21875,114.4937515258789
946,14.945289611816406,192054.364453125,133.8085479736328
947,17.824092864990234,190135.7421875,236.3640899658203
948,9.598616600036621,192238.27792968752,128.27874755859375
949,10.941844940185547,195738.3001953125,181.2235565185547
950,19.942659378051758,196215.232421875,293.9870300292969
951,17.389461517333984,196267.7322265625,245.9965057373047
952,10.14127254486084,197842.2578125,109.44499206542969
953,8.40058708190918,199970.76015624998,116.97528076171875
954,4.851743698120117,197481.6490234375,34.4103889465332
955,13.324928283691406,199818.71054687502,148.87510681152344
956,15.712983131408691,200921.962890625,189.0496368408203
957,5.829459190368652,199484.3890625,87.33634185791016
958,7.7660112380981445,199831.3552734375,66.13935089111328
959,9.875378608703613,203577.1759765625,110.14895629882812
960,4.42085075378418,205803.40546875,51.068634033203125
961,9.574788093566895,207346.4154296875,68.46630859375
962,12.788039207458496,209280.34765625,158.87693786621094
963,10.171182632446289,213726.10800781252,127.13841247558594
964,3.8135385513305664,211988.3056640625,61.17034149169922
965,6.867827892303467,211661.22109375,75.70375061035156
966,5.289077281951904,212699.5376953125,80.1781997680664
967,7.502071857452393,208764.711328125,96.97821807861328
968,16.17069435119629,208282.4384765625,226.29098510742188
969,7.80331563949585,208118.21425781248,98.35525512695312
970,11.256847381591797,215510.55,85.27316284179688
971,9.812973022460938,222224.2736328125,121.92064666748047
972,5.110980033874512,223901.6587890625,31.89838409423828
973,9.404829025268555,223483.34921875002,79.82656860351562
974,10.96743392944336,221440.4427734375,123.82318115234375
975,23.723785400390625,220947.617578125,277.3587341308594
976,17.23114776611328,221482.0068359375,220.76901245117188
977,10.250969886779785,217826.8576171875,298.22015380859375
978,16.648794174194336,223051.5861328125,392.92742919921875
979,9.507057189941406,221810.6517578125,141.42739868164062
980,8.481443405151367,227958.5923828125,46.4517707824707
981,13.303611755371094,240434.910546875,137.8966522216797
982,14.031621932983398,246946.592578125,188.40777587890625
983,13.527462005615234,248368.4662109375,108.36993408203125
984,12.354043960571289,238378.93046875,149.69522094726562
985,7.08089542388916,239943.278515625,51.50292205810547
986,5.695690631866455,235525.023046875,46.42675018310547
987,5.3548173904418945,237483.74179687502,29.044635772705078
988,-2.814872980117798,235947.94609375,72.09805297851562
989,-4.136096000671387,239339.2970703125,111.84526824951172
990,3.861842632293701,239619.24941406248,97.68900299072266
991,9.097597122192383,244815.0916015625,79.94159698486328
992,4.071215629577637,248522.1033203125,24.38919448852539
993,7.404391288757324,249013.3869140625,91.87422943115234
994,5.0086774826049805,264358.1662109375,53.07368469238281
995,5.379360198974609,271332.07734375,164.41302490234375
996,4.2334089279174805,267741.990625,64.72605895996094
997,0.4984097480773926,265279.9751953125,110.79252624511719
998,5.401627540588379,271082.843359375,51.833587646484375
999,9.755592346191406,278032.55878906255,91.04248046875
1000,15.995697975158691,279508.88164062495,181.91500854492188
